{
    "globalData": {
        "uniqueCountId": 0
    },
    "nextStep": [],
    "finalReport": {
        "wp-config-transformer-exception": {
            "shortMsg": "wp-config.php transformer:Failed to update the wp-config.php file.",
            "level": 4,
            "longMsg": "Error updating wp-config file.<br>\nThe installation is finished but check the wp-config.php file and manually update the incorrect values.",
            "sections": [
                "general"
            ],
            "faqLink": null,
            "priority": 10,
            "open": false,
            "longMsgMode": "html"
        },
        "wp-config-changes": {
            "shortMsg": "wp-config.php changes",
            "level": 0,
            "longMsg": "        <a class=\"dup-ligthbox-link\" data-dup-ligthbox=\"dup-html-id-1-1661076402-5562\" >wp-config.php changes<\/a>\r\n        <div id=\"dup-html-id-1-1661076402-5562\" class=\"dub-ligthbox-content close\">\r\n            <div class=\"wrapper\" >\r\n                <h2 class=\"title\" >WP-CONFIG.PHP COMPARE<\/h2>\r\n                <div class=\"content\" ><div class=\"row-cols-2\"><div class=\"col col-1\"><b>Original wp-config.php<\/b><pre>&lt;?php\n\/**\n * The base configuration for WordPress\n *\n * The wp-config.php creation script uses this file during the installation.\n * You don't have to use the web site, you can copy this file to &quot;wp-config.php&quot;\n * and fill in the values.\n *\n * This file contains the following configurations:\n *\n * * Database settings\n * * Secret keys\n * * Database table prefix\n * * ABSPATH\n *\n * @link https:\/\/wordpress.org\/support\/article\/editing-wp-config-php\/\n *\n * @package WordPress\n *\/\n\n\/\/ ** Database settings - You can get this info from your web host ** \/\/\n\/** The name of the database for WordPress *\/\ndefine( 'DB_NAME', '**OBSCURED**' );\n\n\/** Database username *\/\ndefine( 'DB_USER', '**OBSCURED**' );\n\n\/** Database password *\/\ndefine( 'DB_PASSWORD', '**OBSCURED**' );\n\n\/** Database hostname *\/\ndefine( 'DB_HOST', '**OBSCURED**' );\n\n\/** Database charset to use in creating database tables. *\/\ndefine( 'DB_CHARSET', 'utf8mb4' );\n\n\/** The database collate type. Don't change this if in doubt. *\/\ndefine( 'DB_COLLATE', '' );\n\n\/**#@+\n * Authentication unique keys and salts.\n *\n * Change these to different unique phrases! You can generate these using\n * the {@link https:\/\/api.wordpress.org\/secret-key\/1.1\/salt\/ WordPress.org secret-key service}.\n *\n * You can change these at any point in time to invalidate all existing cookies.\n * This will force all users to have to log in again.\n *\n * @since 2.6.0\n *\/\ndefine( 'AUTH_KEY',         '**OBSCURED**' );\ndefine( 'SECURE_AUTH_KEY',  '**OBSCURED**' );\ndefine( 'LOGGED_IN_KEY',    '**OBSCURED**' );\ndefine( 'NONCE_KEY',        '**OBSCURED**' );\ndefine( 'AUTH_SALT',        '**OBSCURED**' );\ndefine( 'SECURE_AUTH_SALT', '**OBSCURED**' );\ndefine( 'LOGGED_IN_SALT',   '**OBSCURED**' );\ndefine( 'NONCE_SALT',       '**OBSCURED**' );\n\n\/**#@-*\/\n\n\/**\n * WordPress database table prefix.\n *\n * You can have multiple installations in one database if you give each\n * a unique prefix. Only numbers, letters, and underscores please!\n *\/\n$table_prefix = 'plitka_';\n\n\/**\n * For developers: WordPress debugging mode.\n *\n * Change this to true to enable the display of notices during development.\n * It is strongly recommended that plugin and theme developers use WP_DEBUG\n * in their development environments.\n *\n * For information on other constants that can be used for debugging,\n * visit the documentation.\n *\n * @link https:\/\/wordpress.org\/support\/article\/debugging-in-wordpress\/\n *\/\ndefine( 'WP_DEBUG', false );\n\n\/* Add any custom values between this line and the &quot;stop editing&quot; line. *\/\n\n\n\n\/* That's all, stop editing! Happy publishing. *\/\n\n\/** Absolute path to the WordPress directory. *\/\nif ( ! defined( 'ABSPATH' ) ) {\n\tdefine( 'ABSPATH', __DIR__ . '\/' );\n}\n\n\/** Sets up WordPress vars and included files. *\/\nrequire_once ABSPATH . 'wp-settings.php';\n<\/pre><\/div><div class=\"col col-2\"><b>New wp-config.php<\/b><pre>&lt;?php\n\/**\n * The base configuration for WordPress\n *\n * The wp-config.php creation script uses this file during the installation.\n * You don't have to use the web site, you can copy this file to &quot;wp-config.php&quot;\n * and fill in the values.\n *\n * This file contains the following configurations:\n *\n * * Database settings\n * * Secret keys\n * * Database table prefix\n * * ABSPATH\n *\n * @link https:\/\/wordpress.org\/support\/article\/editing-wp-config-php\/\n *\n * @package WordPress\n *\/\n\n\/\/ ** Database settings - You can get this info from your web host ** \/\/\n\/** The name of the database for WordPress *\/\ndefine( 'DB_NAME', '**OBSCURED**' );\n\n\/** Database username *\/\ndefine( 'DB_USER', '**OBSCURED**' );\n\n\/** Database password *\/\ndefine( 'DB_PASSWORD', '**OBSCURED**' );\n\n\/** Database hostname *\/\ndefine( 'DB_HOST', '**OBSCURED**' );\n\n\/** Database charset to use in creating database tables. *\/\ndefine( 'DB_CHARSET', 'utf8mb4' );\n\n\/** The database collate type. Don't change this if in doubt. *\/\ndefine( 'DB_COLLATE', '' );\n\n\/**#@+\n * Authentication unique keys and salts.\n *\n * Change these to different unique phrases! You can generate these using\n * the {@link https:\/\/api.wordpress.org\/secret-key\/1.1\/salt\/ WordPress.org secret-key service}.\n *\n * You can change these at any point in time to invalidate all existing cookies.\n * This will force all users to have to log in again.\n *\n * @since 2.6.0\n *\/\ndefine( 'AUTH_KEY',         '**OBSCURED**' );\ndefine( 'SECURE_AUTH_KEY',  '**OBSCURED**' );\ndefine( 'LOGGED_IN_KEY',    '**OBSCURED**' );\ndefine( 'NONCE_KEY',        '**OBSCURED**' );\ndefine( 'AUTH_SALT',        '**OBSCURED**' );\ndefine( 'SECURE_AUTH_SALT', '**OBSCURED**' );\ndefine( 'LOGGED_IN_SALT',   '**OBSCURED**' );\ndefine( 'NONCE_SALT',       '**OBSCURED**' );\n\n\/**#@-*\/\n\n\/**\n * WordPress database table prefix.\n *\n * You can have multiple installations in one database if you give each\n * a unique prefix. Only numbers, letters, and underscores please!\n *\/\n$table_prefix = 'plitka_';\n\n\/**\n * For developers: WordPress debugging mode.\n *\n * Change this to true to enable the display of notices during development.\n * It is strongly recommended that plugin and theme developers use WP_DEBUG\n * in their development environments.\n *\n * For information on other constants that can be used for debugging,\n * visit the documentation.\n *\n * @link https:\/\/wordpress.org\/support\/article\/debugging-in-wordpress\/\n *\/\ndefine( 'WP_DEBUG', false );\n\n\/* Add any custom values between this line and the &quot;stop editing&quot; line. *\/\n\n\n\n\/* That's all, stop editing! Happy publishing. *\/\n\n\/** Absolute path to the WordPress directory. *\/\nif ( ! defined( 'ABSPATH' ) ) {\n\tdefine( 'ABSPATH', __DIR__ . '\/' );\n}\n\n\/** Sets up WordPress vars and included files. *\/\nrequire_once ABSPATH . 'wp-settings.php';\n<\/pre><\/div><\/div><\/div>                <button class=\"close-button\" title=\"Close\" ><i class=\"fa fa-2x fa-times\"><\/i><\/button>\r\n            <\/div>\r\n        <\/div>\r\n        ",
            "sections": [
                "changes"
            ],
            "faqLink": null,
            "priority": 10,
            "open": true,
            "longMsgMode": "html"
        },
        "htaccess-changes": {
            "shortMsg": "htaccess changes",
            "level": 0,
            "longMsg": "        <a class=\"dup-ligthbox-link\" data-dup-ligthbox=\"dup-html-id-2-1661076402-5575\" >.htaccess changes<\/a>\r\n        <div id=\"dup-html-id-2-1661076402-5575\" class=\"dub-ligthbox-content close\">\r\n            <div class=\"wrapper\" >\r\n                <h2 class=\"title\" >HTACCESS COMPARE<\/h2>\r\n                <div class=\"content\" ><div class=\"row-cols-2\"><div class=\"col col-1\"><b>Original .htaccess<\/b><pre>\n# BEGIN WordPress\n# \u0414\u0438\u0440\u0435\u043a\u0442\u0438\u0432\u044b (\u0441\u0442\u0440\u043e\u043a\u0438) \u043c\u0435\u0436\u0434\u0443 `BEGIN WordPress` \u0438 `END WordPress`\n# \u0441\u043e\u0437\u0434\u0430\u043d\u044b \u0430\u0432\u0442\u043e\u043c\u0430\u0442\u0438\u0447\u0435\u0441\u043a\u0438 \u0438 \u043f\u043e\u0434\u043b\u0435\u0436\u0430\u0442 \u0438\u0437\u043c\u0435\u043d\u0435\u043d\u0438\u044e \u0442\u043e\u043b\u044c\u043a\u043e \u0447\u0435\u0440\u0435\u0437 \u0444\u0438\u043b\u044c\u0442\u0440\u044b WordPress.\n# \u0421\u0434\u0435\u043b\u0430\u043d\u043d\u044b\u0435 \u0432\u0440\u0443\u0447\u043d\u0443\u044e \u0438\u0437\u043c\u0435\u043d\u0435\u043d\u0438\u044f \u043c\u0435\u0436\u0434\u0443 \u044d\u0442\u0438\u043c\u0438 \u043c\u0430\u0440\u043a\u0435\u0440\u0430\u043c\u0438 \u0431\u0443\u0434\u0443\u0442 \u043f\u0435\u0440\u0435\u0437\u0430\u043f\u0438\u0441\u0430\u043d\u044b.\n&lt;IfModule mod_rewrite.c&gt;\nRewriteEngine On\nRewriteRule .* - [E=HTTP_AUTHORIZATION:%{HTTP:Authorization}]\nRewriteBase \/\nRewriteRule ^index\\.php$ - [L]\nRewriteCond %{REQUEST_FILENAME} !-f\nRewriteCond %{REQUEST_FILENAME} !-d\nRewriteRule . \/index.php [L]\n&lt;\/IfModule&gt;\n\n# END WordPress\n\n# php -- BEGIN cPanel-generated handler, do not edit\n# \u0421\u0434\u0435\u043b\u0430\u0439\u0442\u0435 \u043f\u0430\u043a\u0435\u0442 \u00abalt-php73\u00bb \u044f\u0437\u044b\u043a\u043e\u043c \u043f\u0440\u043e\u0433\u0440\u0430\u043c\u043c\u0438\u0440\u043e\u0432\u0430\u043d\u0438\u044f \u00abPHP\u00bb \u043f\u043e \u0443\u043c\u043e\u043b\u0447\u0430\u043d\u0438\u044e.\n&lt;IfModule mime_module&gt;\n  AddHandler application\/x-httpd-alt-php73___lsphp .php .php7 .phtml\n&lt;\/IfModule&gt;\n# php -- END cPanel-generated handler, do not edit\n<\/pre><\/div><div class=\"col col-2\"><b>New .htaccess<\/b><pre>#This Apache config file was created by Duplicator Installer on 2022-08-21 10:06:42.\n#The original can be found in archived file with the name .htaccess__[HASH]\n\r\n# BEGIN WordPress\r\n&lt;IfModule mod_rewrite.c&gt;\r\nRewriteEngine On\r\nRewriteBase \/\r\nRewriteRule ^index\\.php$ - [L]\r\nRewriteCond %{REQUEST_FILENAME} !-f\r\nRewriteCond %{REQUEST_FILENAME} !-d\r\nRewriteRule . \/index.php [L]\r\n&lt;\/IfModule&gt;\r\n# END WordPress<\/pre><\/div><\/div><\/div>                <button class=\"close-button\" title=\"Close\" ><i class=\"fa fa-2x fa-times\"><\/i><\/button>\r\n            <\/div>\r\n        <\/div>\r\n        ",
            "sections": [
                "changes"
            ],
            "faqLink": null,
            "priority": 10,
            "open": true,
            "longMsgMode": "html"
        }
    }
}